{"lowest": {"coverages": [0.01, 0.02, 0.1, 0.15, 0.15, 0.2, 0.2, 0.24, 0.28, 0.32, 0.38, 0.45], "best_match": {"eff_coverage_goal": [0.01, 0.02, 0.1, 0.15, 0.15, 0.2, 0.2, 0.24, 0.28, 0.32, 0.38, 0.45], "mse": 0.0007288999999999991, "eff_dists": [[0.1, 0.112], [0.15000000000000002, 0.25], [0.2, 0.346], [0.25, 0.433]], "period": 36}}, "medium": {"coverages": [0.01, 0.08, 0.12, 0.18, 0.25, 0.28, 0.35, 0.45, 0.55, 0.6, 0.65, 0.7], "best_match": {"eff_coverage_goal": [0.01, 0.08, 0.12, 0.18, 0.25, 0.28, 0.35, 0.45, 0.55, 0.6, 0.65, 0.7], "mse": 0.0002361999999999997, "eff_dists": [[0.1, 0.109], [0.2, 0.291], [0.30000000000000004, 0.512], [0.4, 0.674], [0.4, 0.766], [0.4, 0.764], [0.4, 0.76], [0.4, 0.759]], "period": 18}}, "high": {"coverages": [0.01, 0.15, 0.25, 0.3, 0.35, 0.4, 0.45, 0.55, 0.65, 0.7, 0.8, 0.85], "best_match": {"eff_coverage_goal": [0.01, 0.15, 0.25, 0.3, 0.35, 0.4, 0.45, 0.55, 0.65, 0.7, 0.8, 0.85], "mse": 0.0008661999999999993, "eff_dists": [[0.2, 0.207], [0.30000000000000004, 0.42], [0.4, 0.672], [0.5, 0.773], [0.5, 0.851], [0.5, 0.873], [0.5, 0.874], [0.5, 0.877]], "period": 18}}, "low": {"coverages": [0.01, 0.02, 0.05, 0.1, 0.15, 0.18, 0.25, 0.35, 0.45, 0.5, 0.55, 0.6], "best_match": {"eff_coverage_goal": [0.01, 0.02, 0.05, 0.1, 0.15, 0.18, 0.25, 0.35, 0.45, 0.5, 0.55, 0.6], "mse": 0.0002529000000000003, "eff_dists": [[0.01, 0.021], [0.16, 0.182], [0.31, 0.42], [0.45999999999999996, 0.628]], "period": 36}}, "very_low": {"coverages": [0.01, 0.02, 0.05, 0.1, 0.1, 0.15, 0.18, 0.2, 0.25, 0.27, 0.3, 0.35], "best_match": {"eff_coverage_goal": [0.01, 0.02, 0.05, 0.1, 0.1, 0.15, 0.18, 0.2, 0.25, 0.27, 0.3, 0.35], "mse": 3.780000000000001e-05, "eff_dists": [[0.05, 0.067], [0.1, 0.158], [0.15000000000000002, 0.253], [0.2, 0.354]], "period": 36}}, "data": {"coverages": [0.01, 0.1, 0.2, 0.25, 0.3, 0.33, 0.38, 0.45, 0.55, 0.62, 0.7, 0.75], "best_match": {"eff_coverage_goal": [0.01, 0.1, 0.2, 0.25, 0.3, 0.33, 0.38, 0.45, 0.55, 0.62, 0.7, 0.75], "mse": 0.0006190000000000002, "eff_dists": [[0.1, 0.124], [0.25, 0.335], [0.4, 0.56], [0.5499999999999999, 0.733]], "period": 36}}, "ext_low": {"coverages": [0.01, 0.02, 0.05, 0.08, 0.1, 0.12, 0.15, 0.18, 0.2, 0.23, 0.25, 0.25], "best_match": {"eff_coverage_goal": [0.01, 0.02, 0.05, 0.08, 0.1, 0.12, 0.15, 0.18, 0.2, 0.23, 0.25, 0.25], "mse": 0.00010410000000000002, "eff_dists": [[0.02, 0.035], [0.07, 0.1], [0.12000000000000001, 0.18], [0.17, 0.254]], "period": 36}}}